# CityGML 2.0 schema bundle	licence statements in NOTICE.md
path	size	sha256	source_url	license
docs.oasis-open.org/election/external/xAL.xsd	74544	cc8353e803f2ccb594cea247b00935477d672f2c5b5affc95a04cb3721a50f0e	http://docs.oasis-open.org/election/external/xAL.xsd	OASIS
schemas.opengis.net/citygml/2.0/cityGMLBase.xsd	22276	f87fe8de043a835ca6dedef7d198ac53fbe0aa8d6496b4d230145c765f38f431	http://schemas.opengis.net/citygml/2.0/cityGMLBase.xsd	OGC
schemas.opengis.net/citygml/appearance/2.0/appearance.xsd	20646	4199977b3c2775f7382cb49820a05d65270261fdbcf96ec40e196d1165d25eb3	http://schemas.opengis.net/citygml/appearance/2.0/appearance.xsd	OGC
schemas.opengis.net/citygml/bridge/2.0/bridge.xsd	38656	9fd548e0e20d1c47973f04ef40721cac82160e766ed2ee36bc5a4f2c5a656cb6	http://schemas.opengis.net/citygml/bridge/2.0/bridge.xsd	OGC
schemas.opengis.net/citygml/building/2.0/building.xsd	35765	906c8f7ed29ed6352b8d1372661a80de113794c938c4a0865ef2d7bdb38e7d15	http://schemas.opengis.net/citygml/building/2.0/building.xsd	OGC
schemas.opengis.net/citygml/cityfurniture/2.0/cityFurniture.xsd	4187	4acc55c502ede8d009b589a7f7a9a173d113730a903c36a744463e99e2ee253f	http://schemas.opengis.net/citygml/cityfurniture/2.0/cityFurniture.xsd	OGC
schemas.opengis.net/citygml/cityobjectgroup/2.0/cityObjectGroup.xsd	5980	abdbab7e0ce8b475c4b1f6e7086eecea8b6df6ca29daa0b0e90b3d55894e5936	http://schemas.opengis.net/citygml/cityobjectgroup/2.0/cityObjectGroup.xsd	OGC
schemas.opengis.net/citygml/generics/2.0/generics.xsd	10753	47b8bd89589ef221c3b97fe7a707cd867a14fa299010be8f27e99e0970c12d29	http://schemas.opengis.net/citygml/generics/2.0/generics.xsd	OGC
schemas.opengis.net/citygml/landuse/2.0/landUse.xsd	3530	f98bdec0bc3ab81cc89e1574ffa7e0244042a4bae409ac9a971bed09c3247d8d	http://schemas.opengis.net/citygml/landuse/2.0/landUse.xsd	OGC
schemas.opengis.net/citygml/relief/2.0/relief.xsd	11641	9cafca7d53f9d0fd9f2991fcb6d1abd527dcb6bd8394c01c977834c5ce2343fc	http://schemas.opengis.net/citygml/relief/2.0/relief.xsd	OGC
schemas.opengis.net/citygml/transportation/2.0/transportation.xsd	14516	61623e4c11dc0dc914ba905cb797481d2bbd2e512ea35094a55b0f3527c52369	http://schemas.opengis.net/citygml/transportation/2.0/transportation.xsd	OGC
schemas.opengis.net/citygml/tunnel/2.0/tunnel.xsd	33189	e340351793ed8db7e980a89a632468ef41fa16ba2a57ea58535373d7db060dc9	http://schemas.opengis.net/citygml/tunnel/2.0/tunnel.xsd	OGC
schemas.opengis.net/citygml/vegetation/2.0/vegetation.xsd	7667	c9b3d43504399876d94d124c5f7af7f811c3259795ff69888a9d90aa619b2864	http://schemas.opengis.net/citygml/vegetation/2.0/vegetation.xsd	OGC
schemas.opengis.net/citygml/waterbody/2.0/waterBody.xsd	10996	150ffcbb3c822236741e9efb60612ce05f8d5db96b911ab2f808cbc493992b16	http://schemas.opengis.net/citygml/waterbody/2.0/waterBody.xsd	OGC
schemas.opengis.net/citygml/xAL/xAL.xsd	72864	c180d378496dd41551c64e0cd4a66ea323855f6de85018e05ab8114dbfa562f5	http://schemas.opengis.net/citygml/xAL/xAL.xsd	OASIS
schemas.opengis.net/gml/3.1.1/base/basicTypes.xsd	14000	1ad3ab76ce16b5d272d3b2adad25144eef5c340dcf4709f360ecbc092dc9111e	http://schemas.opengis.net/gml/3.1.1/base/basicTypes.xsd	OGC
schemas.opengis.net/gml/3.1.1/base/coordinateOperations.xsd	45708	31e238a7625bb6f08d3b7f2d8cadd3817e0ccb269279ce0d4134d5848ad824b3	http://schemas.opengis.net/gml/3.1.1/base/coordinateOperations.xsd	OGC
schemas.opengis.net/gml/3.1.1/base/coordinateReferenceSystems.xsd	22654	5d194502380d66f6750c481f68ffbabefb4a8790dbebb4e3047135a871b29f83	http://schemas.opengis.net/gml/3.1.1/base/coordinateReferenceSystems.xsd	OGC
schemas.opengis.net/gml/3.1.1/base/coordinateSystems.xsd	23619	ba5d4d351d1ecc275abaa88bc3f4e263526e869056ec8d11b6b4cfa6cf1eb5fd	http://schemas.opengis.net/gml/3.1.1/base/coordinateSystems.xsd	OGC
schemas.opengis.net/gml/3.1.1/base/coverage.xsd	21445	68f46c8de0c0ccd9ccd02b0f490117edc2ca8d57c0609796173f2f4c658dabb3	http://schemas.opengis.net/gml/3.1.1/base/coverage.xsd	OGC
schemas.opengis.net/gml/3.1.1/base/dataQuality.xsd	6673	5e0398809ebf1885b04f413df12569a7eddc7773975db1ad3e57329b844a8151	http://schemas.opengis.net/gml/3.1.1/base/dataQuality.xsd	OGC
schemas.opengis.net/gml/3.1.1/base/datums.xsd	25708	68b341e83a6b7132e1ee63f8fcffadc5125a2bdbdda2e7d1a5611d8162ae4649	http://schemas.opengis.net/gml/3.1.1/base/datums.xsd	OGC
schemas.opengis.net/gml/3.1.1/base/defaultStyle.xsd	19358	365b26485e119440901a25dd46886de12cfd2b0f27d8b465f1c506afa275d5a3	http://schemas.opengis.net/gml/3.1.1/base/defaultStyle.xsd	OGC
schemas.opengis.net/gml/3.1.1/base/dictionary.xsd	9123	0c031a4cf085a1e495a85762172a13c5221c25af23007b3328f95ecc63601b79	http://schemas.opengis.net/gml/3.1.1/base/dictionary.xsd	OGC
schemas.opengis.net/gml/3.1.1/base/direction.xsd	3146	6dcede87a2fec8d9daa1fcd605a5596481c528147990ca0856c33e60bee066f7	http://schemas.opengis.net/gml/3.1.1/base/direction.xsd	OGC
schemas.opengis.net/gml/3.1.1/base/dynamicFeature.xsd	5237	a17d6b052cb75ed6b342f9d7526b642daf31b715e588bc3b72cb0068a18b6afe	http://schemas.opengis.net/gml/3.1.1/base/dynamicFeature.xsd	OGC
schemas.opengis.net/gml/3.1.1/base/feature.xsd	9163	36dd578e74bfc913e7b8f78e1003a98bbabaadb693ea7d577dcb7ae8b5d86806	http://schemas.opengis.net/gml/3.1.1/base/feature.xsd	OGC
schemas.opengis.net/gml/3.1.1/base/geometryAggregates.xsd	28321	b438f20abb5697b87d68979c44021117a859bbb8f0bdf44488c68bfc8145ca2b	http://schemas.opengis.net/gml/3.1.1/base/geometryAggregates.xsd	OGC
schemas.opengis.net/gml/3.1.1/base/geometryBasic0d1d.xsd	33037	addfe8997866b9b19e06dcab4c36ec99a23cc352c9d66ca0c0dbac9b245d8421	http://schemas.opengis.net/gml/3.1.1/base/geometryBasic0d1d.xsd	OGC
schemas.opengis.net/gml/3.1.1/base/geometryBasic2d.xsd	12965	f70d60629adf0e6cb17a735c0aa1367d4073458822c4a89e1034cfffebd050a9	http://schemas.opengis.net/gml/3.1.1/base/geometryBasic2d.xsd	OGC
schemas.opengis.net/gml/3.1.1/base/geometryComplexes.xsd	8022	2ce094104fa5bde175fe1246e2c2612ae16862bd730b16896e04146954f7cb3d	http://schemas.opengis.net/gml/3.1.1/base/geometryComplexes.xsd	OGC
schemas.opengis.net/gml/3.1.1/base/geometryPrimitives.xsd	89625	298d359d83610e0c0efd4ae14bdd3d38ab6167e08b065bfb72e66a209cac70fe	http://schemas.opengis.net/gml/3.1.1/base/geometryPrimitives.xsd	OGC
schemas.opengis.net/gml/3.1.1/base/gml.xsd	1262	b7fcaf63660b8f9505c383edaf7ed4aa25d0750129eeb3819e1654dd996ff755	http://schemas.opengis.net/gml/3.1.1/base/gml.xsd	OGC
schemas.opengis.net/gml/3.1.1/base/gmlBase.xsd	17869	5853e7faf42272adeb8dea0c7739243fc5221228dd4ac2f16ea4eaf30ac67709	http://schemas.opengis.net/gml/3.1.1/base/gmlBase.xsd	OGC
schemas.opengis.net/gml/3.1.1/base/grids.xsd	3863	184a953eb4ee6bfe17c62e2a407446af602782d167916f1b7b2c0529f22114cd	http://schemas.opengis.net/gml/3.1.1/base/grids.xsd	OGC
schemas.opengis.net/gml/3.1.1/base/measures.xsd	11121	c53bf83033bf989baa6ca50d956a46f90b23862ae2463879b9051d779ecdfaec	http://schemas.opengis.net/gml/3.1.1/base/measures.xsd	OGC
schemas.opengis.net/gml/3.1.1/base/observation.xsd	4427	000a77173d4979e2cad9d696d173abad2d30c807e197f2cf05c45dc9e294187d	http://schemas.opengis.net/gml/3.1.1/base/observation.xsd	OGC
schemas.opengis.net/gml/3.1.1/base/referenceSystems.xsd	12076	d07424782a210b1719e3131a104a1f95dbd84ee789a9e8fed4f7d2a6c11c2b57	http://schemas.opengis.net/gml/3.1.1/base/referenceSystems.xsd	OGC
schemas.opengis.net/gml/3.1.1/base/temporal.xsd	15600	208f43442ebcf91666885396d2cac5dc06cb8da880a30bf26902d56fe2acbfe3	http://schemas.opengis.net/gml/3.1.1/base/temporal.xsd	OGC
schemas.opengis.net/gml/3.1.1/base/temporalReferenceSystems.xsd	13170	a849439f6cf97b6f1ddc5ec6d0eace9d96d234cd6003277eab6787855b330e6e	http://schemas.opengis.net/gml/3.1.1/base/temporalReferenceSystems.xsd	OGC
schemas.opengis.net/gml/3.1.1/base/temporalTopology.xsd	10103	c507feed9f9393e616c887189a6ad4dfb227e0cb51d9410a2f80dce395266925	http://schemas.opengis.net/gml/3.1.1/base/temporalTopology.xsd	OGC
schemas.opengis.net/gml/3.1.1/base/topology.xsd	21797	08cbe50aa848765dfecda183106a91cc533e9615f46e0feebcc9d6d03d9ab23e	http://schemas.opengis.net/gml/3.1.1/base/topology.xsd	OGC
schemas.opengis.net/gml/3.1.1/base/units.xsd	11368	d7044a7aac4f4ed239dc5d6075cb9d8ce3cbf821472fb9bc3ac0007037052055	http://schemas.opengis.net/gml/3.1.1/base/units.xsd	OGC
schemas.opengis.net/gml/3.1.1/base/valueObjects.xsd	18439	3e2eb6a488ec4ed70089b9ec8edc0d830305dd5efc8c754b6dec57566332679d	http://schemas.opengis.net/gml/3.1.1/base/valueObjects.xsd	OGC
schemas.opengis.net/gml/3.1.1/smil/smil20-language.xsd	5155	71a6af850b0701b34c594ba749ed42ce621cf669b3cb0ec339ce9dd254314787	http://schemas.opengis.net/gml/3.1.1/smil/smil20-language.xsd	W3C
schemas.opengis.net/gml/3.1.1/smil/smil20.xsd	9628	3e5224ef365247c202680e64d8e7bba4882697bc38442bbb883a8dd12cb86315	http://schemas.opengis.net/gml/3.1.1/smil/smil20.xsd	W3C
www.w3.org/1999/xlink.xsd	8322	c3dbbaa28b884377ecd4a6c49d1f12566d8227cb0dce8ced10c0f66f8fa266e3	http://www.w3.org/1999/xlink.xsd	W3C
www.w3.org/2001/xml.xsd	8836	61960fb3131e38022caad5360e2f33a3382578ab3c80cd58bd74320ede61b20c	http://www.w3.org/2001/xml.xsd	W3C
www.w3.org/2009/01/xml.xsd	8838	cc701736c42cc64126fad063bb95f94484b5de3b5f808a86ea098b0957aff829	http://www.w3.org/2009/01/xml.xsd	W3C
